<application>
  <component name="BaseRefactoringSettings">
    <option name="SAFE_DELETE_SEARCH_IN_NON_JAVA" value="false" />
    <option name="RENAME_SEARCH_IN_COMMENTS_FOR_FILE" value="false" />
    <option name="RENAME_SEARCH_FOR_REFERENCES_FOR_FILE" value="false" />
    <option name="MOVE_SEARCH_FOR_REFERENCES_FOR_FILE" value="false" />
  </component>
  <component name="RefactoringSettings">
    <option name="INTRODUCE_PARAMETER_REPLACE_FIELDS_WITH_GETTERS" value="1" />
    <option name="INLINE_METHOD_THIS" value="true" />
    <option name="INTRODUCE_PARAMETER_CREATE_FINALS" value="false" />
    <option name="RENAME_INHERITORS" value="false" />
    <option name="RENAME_VARIABLES" value="false" />
    <option name="RENAME_TESTS" value="false" />
  </component>
</application>