<application>
  <component name="org.digma.intellij.plugin.persistence.PersistenceService">
    <option name="alreadyPassedTheInstallationWizardForIdeaIDE" value="true" />
    <option name="firstTimeConnectionEstablished" value="true" />
    <option name="firstTimeConnectionEstablishedTimestamp" value="2023-09-27T10:22:16.600071Z" />
    <option name="firstTimePerformanceMetrics" value="true" />
    <option name="firstTimePluginLoaded" value="true" />
    <option name="firstWizardLaunch" value="false" />
    <option name="localEngineInstalled" value="false" />
    <option name="noInsightsYetNotificationPassed" value="true" />
    <option name="notificationsStartDate" value="2023-09-26T10:22:20.028796800Z" />
    <option name="userId" value="cb7687eb" />
    <option name="firstTimeConnectionEstablishedTimestampNew" value="2023-09-27T10:22:16.600071Z" />
    <option name="firstTimePerformanceMetricsTimestamp" value="2024-07-08T11:12:42.587134300Z" />
  </component>
</application>