<application>
  <component name="CodeInsightSettings">
    <option name="USE_INSTANCEOF_ON_EQUALS_PARAMETER" value="true" />
  </component>
  <component name="CodeVisionSettings">
    <option name="codeVisionGroupToPosition">
      <map>
        <entry key="DigmaErrorHotspot" value="Default" />
        <entry key="DigmaGenericProvider1" value="Default" />
        <entry key="DigmaGenericProvider10" value="Default" />
        <entry key="DigmaGenericProvider2" value="Default" />
        <entry key="DigmaGenericProvider3" value="Default" />
        <entry key="DigmaGenericProvider4" value="Default" />
        <entry key="DigmaGenericProvider5" value="Default" />
        <entry key="DigmaGenericProvider6" value="Default" />
        <entry key="DigmaGenericProvider7" value="Default" />
        <entry key="DigmaGenericProvider8" value="Default" />
        <entry key="DigmaGenericProvider9" value="Default" />
        <entry key="DigmaHighUsage" value="Default" />
        <entry key="DigmaLowUsage" value="Default" />
        <entry key="DigmaScaleFactor" value="Default" />
        <entry key="DigmaSlowEndpoint" value="Default" />
        <entry key="inheritors" value="Default" />
        <entry key="problems" value="Default" />
        <entry key="references" value="Default" />
        <entry key="vcs.code.vision" value="Default" />
      </map>
    </option>
    <option name="disabledCodeVisionProviderIds">
      <set>
        <option value="DigmaErrorHotspot" />
        <option value="DigmaGenericProvider1" />
        <option value="DigmaGenericProvider10" />
        <option value="DigmaGenericProvider2" />
        <option value="DigmaGenericProvider3" />
        <option value="DigmaGenericProvider4" />
        <option value="DigmaGenericProvider5" />
        <option value="DigmaGenericProvider6" />
        <option value="DigmaGenericProvider7" />
        <option value="DigmaGenericProvider8" />
        <option value="DigmaGenericProvider9" />
        <option value="DigmaHighUsage" />
        <option value="DigmaLowUsage" />
        <option value="DigmaScaleFactor" />
        <option value="DigmaSlowEndpoint" />
        <option value="inheritors" />
        <option value="problems" />
        <option value="references" />
        <option value="vcs.code.vision" />
      </set>
    </option>
  </component>
  <component name="DeclarativeInlayHintsSettings">
    <option name="providerIdToEnabled">
      <map>
        <entry key="java.implicit.types" value="false" />
        <entry key="java.method.chains" value="true" />
        <entry key="js.chain.hints" value="true" />
        <entry key="js.type.hints" value="true" />
        <entry key="qodana.yaml.inspection.descriptions" value="true" />
        <entry key="ts.chain.hints" value="true" />
        <entry key="ts.enum.hints" value="true" />
        <entry key="ts.type.hints" value="true" />
      </map>
    </option>
  </component>
  <component name="EditorSettings">
    <option name="USE_SOFT_WRAPS" value="CONSOLE" />
    <option name="IS_CAMEL_WORDS" value="true" />
  </component>
  <component name="InlayHintsSettings">
    <option name="lastViewedProviderKeyId" value="JAVA.parameter.hints.old.java.clear.expression.type" />
    <settingsMapElement>
      <kotlin.kotlin.lambdas.hints>
        <Settings>
          <option name="returnExpressions" value="false" />
        </Settings>
      </kotlin.kotlin.lambdas.hints>
    </settingsMapElement>
  </component>
  <component name="SqlCodeCompletionSettings">
    <option name="customMappings">
      <map>
        <entry key="syso" value="" />
      </map>
    </option>
    <CUSTOM_ALIAS_MAPPINGS>
      <entry table-name="syso" value="" />
    </CUSTOM_ALIAS_MAPPINGS>
  </component>
</application>