<application>
  <component name="FileTypeManager" version="18">
    <extensionMap>
      <mapping pattern="dxcorekeystore" type="AUTO_DETECTED" />
      <mapping pattern="dxcoretruststore" type="AUTO_DETECTED" />
      <mapping pattern="response_resolve_atm_premium.xml" type="AUTO_DETECTED" />
      <mapping pattern="blue-ocean-dxcore-server" type="AUTO_DETECTED" />
      <mapping pattern="skeleton-starter-flow-spring" type="AUTO_DETECTED" />
      <mapping pattern="s" type="AUTO_DETECTED" />
      <mapping pattern=".env.*" type="Env File" />
      <mapping ext="env" type="Env File" />
      <mapping ext="gradle.kts" type="Kotlin" />
      <mapping ext="space.kts" type="Kotlin" />
      <mapping ext="main.kts" type="Kotlin" />
      <mapping pattern=".name" type="PLAIN_TEXT" />
      <mapping pattern=".dockerignore" type="PLAIN_TEXT" />
      <mapping ext="ipf" type="PLAIN_TEXT" />
      <mapping ext="cer" type="PLAIN_TEXT" />
      <mapping ext="qds" type="PLAIN_TEXT" />
      <mapping ext="snapshot" type="PLAIN_TEXT" />
      <mapping ext="jks" type="PLAIN_TEXT" />
      <mapping ext="com" type="PLAIN_TEXT" />
      <mapping ext="inc" type="PLAIN_TEXT" />
      <mapping ext="crt" type="PLAIN_TEXT" />
      <removed_mapping ext="apk" approved="true" type="ARCHIVE" />
      <removed_mapping ext="csv" approved="true" type="CSV/TSV" />
      <removed_mapping ext="log" approved="true" type="PLAIN_TEXT" />
      <removed_mapping ext="psd" approved="true" type="Image" />
      <removed_mapping ext="py" approved="true" type="PLAIN_TEXT" />
      <removed_mapping ext="rs" approved="true" type="Android RenderScript" />
      <removed_mapping ext="tsv" approved="true" type="CSV/TSV" />
      <removed_mapping pattern=".dockerignore" approved="true" type="DockerIgnore file" />
    </extensionMap>
  </component>
</application>