<application>
  <component name="FindSettings">
    <option name="customScope" value="Project Files" />
    <option name="defaultScopeName" value="Project Files" />
    <option name="SEARCH_SCOPE" value="Project Files" />
    <mask>*.css</mask>
    <mask>*.html</mask>
    <mask>*.xml</mask>
    <mask>*.jsp</mask>
    <mask>*.properties</mask>
    <mask>Spectra*Util*</mask>
    <mask>Spectra*</mask>
    <mask>GKG*</mask>
    <mask>*.pom</mask>
    <mask>*Calculator.java</mask>
    <mask>*Patch.java</mask>
    <mask>*Configuration.java</mask>
    <mask>GKG*.java</mask>
    <mask>*Executor.java</mask>
    <mask>Spectra*.java</mask>
    <mask>.yml</mask>
    <mask>*.yml</mask>
    <mask>*.Dockerfile</mask>
    <mask>*.kt</mask>
    <mask>*.java</mask>
    <mask>*Command.java</mask>
    <mask>*Operation.java</mask>
    <mask>*.sql</mask>
    <mask>*Store.java</mask>
    <mask>*Props.java</mask>
  </component>
</application>