<application>
  <component name="GetterTemplates" defaultTemplateName="IntelliJ Default">
    <option name="templates">
      <list>
        <TemplateResource>
          <option name="fileName" value="Optionals" />
          <option name="template" value="#if($field.modifierStatic)&#10;static ##&#10;#end&#10;java.util.Optional&lt;$field.type&gt; ##&#10;#if($field.recordComponent)&#10;  ${field.name}Opt##&#10;#else&#10;#set($name = $StringUtil.capitalizeWithJavaBeanConvention($StringUtil.sanitizeJavaIdentifier($helper.getPropertyName($field, $project))))&#10;#if ($field.boolean &amp;&amp; $field.primitive)&#10;  is##&#10;#else&#10;  get##&#10;#end&#10;${name}Opt##&#10;#end&#10;() {&#10;  return java.util.Optional.ofNullable($field.name);&#10;}" />
        </TemplateResource>
        <TemplateResource>
          <option name="fileName" value="Default with annotations" />
          <option name="template" value="#if($field.primitive)&#10;  &#10;#else&#10;@javax.annotation.Nonnull&#10;#end&#10;#if($field.modifierStatic)&#10;static ##&#10;#end&#10;$field.type ##&#10;#if($field.recordComponent)&#10;  ${field.name}##&#10;#else&#10;#set($name = $StringUtil.capitalizeWithJavaBeanConvention($StringUtil.sanitizeJavaIdentifier($helper.getPropertyName($field, $project))))&#10;#if ($field.boolean &amp;&amp; $field.primitive)&#10;  is##&#10;#else&#10;  get##&#10;#end&#10;${name}##&#10;#end&#10;() {&#10;  return $field.name;&#10;}" />
        </TemplateResource>
        <TemplateResource>
          <option name="fileName" value="Default Nullable" />
          <option name="template" value="#if($field.primitive)&#10;  &#10;#else&#10;@javax.annotation.Nullable&#10;#end&#10;#if($field.modifierStatic)&#10;static ##&#10;#end&#10;$field.type ##&#10;#if($field.recordComponent)&#10;  ${field.name}##&#10;#else&#10;#set($name = $StringUtil.capitalizeWithJavaBeanConvention($StringUtil.sanitizeJavaIdentifier($helper.getPropertyName($field, $project))))&#10;#if ($field.boolean &amp;&amp; $field.primitive)&#10;  is##&#10;#else&#10;  get##&#10;#end&#10;${name}##&#10;#end&#10;() {&#10;  return $field.name;&#10;}" />
        </TemplateResource>
      </list>
    </option>
  </component>
</application>