<application>
  <component name="ProjectManager">
    <defaultProject>
      <component name="ProjectView">
        <navigator proportions="" version="1" />
        <panes />
      </component>
      <component name="ProjectViewState">
        <option name="hideEmptyMiddlePackages" value="true" />
        <option name="showLibraryContents" value="true" />
      </component>
      <component name="WindowStateProjectService">
        <state x="2924" y="31" key="Github.Dialog.Accounts.Choose" timestamp="1699986376405">
          <screen x="1920" y="-582" width="2560" height="1392" />
        </state>
        <state x="2924" y="31" key="Github.Dialog.Accounts.Choose/0.0.1536.816/1920.-582.2560.1392" timestamp="1699986376405" />
      </component>
      <component name="masterDetails">
        <states>
          <state key="ProjectJDKs.UI">
            <settings>
              <last-edited>1.8</last-edited>
              <splitter-proportions>
                <option name="proportions">
                  <list>
                    <option value="0.2" />
                  </list>
                </option>
              </splitter-proportions>
            </settings>
          </state>
        </states>
      </component>
    </defaultProject>
  </component>
</application>