<application>
  <component name="SetterTemplates" defaultTemplateName="With Builder">
    <option name="templates">
      <list>
        <TemplateResource>
          <option name="fileName" value="With Builder" />
          <option name="template" value="#set($paramName = $helper.getParamName($field, $project))&#10;public ##&#10;#if($field.modifierStatic)&#10;static void ##&#10;#else&#10;    $classSignature ##&#10;#end&#10;with$StringUtil.capitalizeWithJavaBeanConvention($StringUtil.sanitizeJavaIdentifier($helper.getPropertyName($field, $project)))($field.type $paramName) {&#10;#if ($field.name == $paramName)&#10;    #if (!$field.modifierStatic)&#10;    this.##&#10;    #else&#10;        $classname.##&#10;    #end&#10;#end&#10;$field.name = $paramName;&#10;#if(!$field.modifierStatic)&#10;return this;&#10;#end&#10;}" />
        </TemplateResource>
      </list>
    </option>
  </component>
</application>