<application>
  <component name="SshConfigs">
    <configs>
      <sshConfig authType="PASSWORD" host="spectradev.prosp.devexperts.com" id="e5ec1e6d-d685-4edb-95f6-e08ff8321522" port="22" nameFormat="DESCRIPTIVE" username="anechaev" useOpenSSHConfig="true" />
      <sshConfig authType="PASSWORD" host="spectraqa.prosp.devexperts.com" id="e42933a7-38ae-4b76-ae5b-919559250920" port="22" nameFormat="DESCRIPTIVE" username="anechaev" useOpenSSHConfig="true" />
      <sshConfig authType="PASSWORD" host="spectrauat.admin.prosp.devexperts.com" id="e66cf12d-a466-41b6-b2ad-03a547d5b4ee" port="22" nameFormat="DESCRIPTIVE" username="anechaev" useOpenSSHConfig="true" />
      <sshConfig host="gkgprod-app1.prosp.devexperts.com" id="0974b71f-3246-4e9a-b5ce-9032a8ecefba" keyPath="C:\Users\anechaev\.ssh\gkg_dev.rsa" port="22" nameFormat="DESCRIPTIVE" username="gkg_dev" useOpenSSHConfig="true" />
      <sshConfig authType="PASSWORD" host="gkgdev2-app1.prosp.devexperts.com" id="38f4d5a7-8e95-4695-a7e7-6249e1bb28f7" port="22" nameFormat="DESCRIPTIVE" username="anechaev" useOpenSSHConfig="true" />
      <sshConfig host="gkgdr-db1.prosp.devexperts.com" id="34bb8369-90ef-4a7f-ae83-951f677c30e1" keyPath="C:\Users\anechaev\.ssh\gkg_dev.rsa" port="22" nameFormat="DESCRIPTIVE" username="gkg_dev" useOpenSSHConfig="true" />
      <sshConfig host="10.9.75.104" id="a14209e0-37e7-4f40-9fec-00f1e28b131e" keyPath="C:\Users\anechaev\.ssh\nuam_dev.ppk" port="22" nameFormat="DESCRIPTIVE" username="centos" useOpenSSHConfig="true" />
      <sshConfig authType="PASSWORD" host="nuamdev1-app1.prosp.devexperts.com" id="0f634ce7-0e83-4bc5-9a0c-d8508065a05f" port="22" nameFormat="DESCRIPTIVE" username="anechaev" useOpenSSHConfig="true" />
      <sshConfig authType="PASSWORD" host="nuamqa-app1.prosp.devexperts.com" id="0c0729d1-c1fa-4079-b02e-3e39c398baea" port="22" nameFormat="DESCRIPTIVE" username="anechaev" useOpenSSHConfig="true" />
    </configs>
  </component>
</application>