<application>
  <component name="ToStringTemplates" defaultTemplateName="LogFormat">
    <option name="templates">
      <list>
        <TemplateResource>
          <option name="fileName" value="LogFormat" />
          <option name="template" value="public java.lang.String toString() {&#10;return com.devexperts.utils.log.LogFormat.LogBuilder.create(getClass())&#10;#foreach ($member in $fields)&#10;    #if ( $member.collection)&#10;    .collection(&quot;$member.name&quot;, $member.name)&#10;    #else&#10;    .field(&quot;$member.name&quot;, $member.name)&#10;    #end&#10;#end&#10;.build();&#10;}" />
        </TemplateResource>
      </list>
    </option>
  </component>
</application>