<application>
  <component name="CodeInsightSettings">
    <option name="USE_INSTANCEOF_ON_EQUALS_PARAMETER" value="true" />
  </component>
  <component name="CodeVisionSettings">
    <option name="disabledCodeVisionProviderIds">
      <set>
        <option value="vcs.code.vision" />
      </set>
    </option>
    <option name="enabled" value="false" />
  </component>
  <component name="DeclarativeInlayHintsSettings">
    <option name="providerIdToEnabled">
      <map>
        <entry key="MdAutomatedCase" value="true" />
        <entry key="qodana.yaml.inspection.descriptions" value="true" />
      </map>
    </option>
  </component>
  <component name="EditorSettings">
    <option name="USE_SOFT_WRAPS" value="CONSOLE" />
    <option name="IS_CAMEL_WORDS" value="true" />
  </component>
  <component name="InlayHintsSettings">
    <option name="lastViewedProviderKeyId" value="JAVA.java.implicit.types" />
    <settingsMapElement>
      <kotlin.kotlin.lambdas.hints>
        <Settings>
          <option name="returnExpressions" value="false" />
        </Settings>
      </kotlin.kotlin.lambdas.hints>
    </settingsMapElement>
  </component>
  <component name="SqlCodeCompletionSettings">
    <option name="customMappings">
      <map>
        <entry key="syso" value="" />
      </map>
    </option>
    <CUSTOM_ALIAS_MAPPINGS>
      <entry table-name="syso" value="" />
    </CUSTOM_ALIAS_MAPPINGS>
  </component>
</application>