<keymap version="1" name="Eclipse copy 1" parent="Eclipse">
  <action id="$Copy">
    <keyboard-shortcut first-keystroke="ctrl c" />
    <keyboard-shortcut first-keystroke="ctrl insert" />
    <keyboard-shortcut first-keystroke="shift ctrl c" />
  </action>
  <action id="ActivateHierarchyToolWindow">
    <keyboard-shortcut first-keystroke="f4" />
  </action>
  <action id="ActivateMavenToolWindow">
    <keyboard-shortcut first-keystroke="shift ctrl m" second-keystroke="o" />
  </action>
  <action id="ActivateQuickNotesToolWindow">
    <keyboard-shortcut first-keystroke="shift alt w" />
  </action>
  <action id="Annotate">
    <keyboard-shortcut first-keystroke="shift alt quote" />
  </action>
  <action id="CheckinProject">
    <keyboard-shortcut first-keystroke="shift alt s" second-keystroke="c" />
  </action>
  <action id="CloseActiveTab" />
  <action id="CloseContent">
    <keyboard-shortcut first-keystroke="ctrl w" />
  </action>
  <action id="CollapseAllRegions">
    <keyboard-shortcut first-keystroke="shift ctrl divide" />
    <keyboard-shortcut first-keystroke="ctrl open_bracket" />
  </action>
  <action id="CompareTwoFiles" />
  <action id="CompileDirty">
    <keyboard-shortcut first-keystroke="ctrl f9" />
  </action>
  <action id="Console.TableResult.DeleteRows" />
  <action id="CopyPaths" />
  <action id="Diff.NextChange">
    <keyboard-shortcut first-keystroke="ctrl f6" />
    <keyboard-shortcut first-keystroke="ctrl page_down" />
  </action>
  <action id="Diff.PrevChange">
    <keyboard-shortcut first-keystroke="shift ctrl f6" />
    <keyboard-shortcut first-keystroke="ctrl page_up" />
  </action>
  <action id="Diff.ShowDiff" />
  <action id="Editor Copy">
    <keyboard-shortcut first-keystroke="shift ctrl c" />
  </action>
  <action id="EditorCodeBlockEnd" />
  <action id="EditorCodeBlockStart" />
  <action id="EditorDeleteLine" />
  <action id="EditorDuplicate">
    <keyboard-shortcut first-keystroke="ctrl d" />
  </action>
  <action id="EditorPasteFromX11">
    <mouse-shortcut keystroke="button2" />
    <keyboard-shortcut first-keystroke="shift n" second-keystroke="b" />
  </action>
  <action id="ExpandAllRegions">
    <keyboard-shortcut first-keystroke="ctrl close_bracket" />
  </action>
  <action id="FileChooser.GotoDesktop" />
  <action id="Find">
    <keyboard-shortcut first-keystroke="ctrl f" />
  </action>
  <action id="GenerateConstructor">
    <keyboard-shortcut first-keystroke="shift alt s" second-keystroke="o" />
  </action>
  <action id="GenerateGetterAndSetter">
    <keyboard-shortcut first-keystroke="shift alt s" second-keystroke="r" />
  </action>
  <action id="Git.Branches">
    <keyboard-shortcut first-keystroke="shift alt back_quote" />
    <keyboard-shortcut first-keystroke="shift alt #1000451" />
  </action>
  <action id="GotoDeclaration">
    <keyboard-shortcut first-keystroke="f3" />
    <mouse-shortcut keystroke="control button1" />
    <keyboard-shortcut first-keystroke="shift alt x" second-keystroke="e" />
  </action>
  <action id="GotoLine">
    <keyboard-shortcut first-keystroke="shift alt q" />
  </action>
  <action id="ImportModuleFromImlFile">
    <keyboard-shortcut first-keystroke="shift ctrl o" />
  </action>
  <action id="Maven.ReimportProject">
    <keyboard-shortcut first-keystroke="shift ctrl m" second-keystroke="r" />
  </action>
  <action id="NewClass">
    <keyboard-shortcut first-keystroke="shift alt s" second-keystroke="n" />
  </action>
  <action id="NextTab">
    <keyboard-shortcut first-keystroke="ctrl f6" />
    <keyboard-shortcut first-keystroke="ctrl page_down" />
    <keyboard-shortcut first-keystroke="ctrl alt right" />
  </action>
  <action id="PreviousTab">
    <keyboard-shortcut first-keystroke="shift ctrl f6" />
    <keyboard-shortcut first-keystroke="ctrl page_up" />
    <keyboard-shortcut first-keystroke="ctrl alt left" />
  </action>
  <action id="ReopenClosedTab">
    <keyboard-shortcut first-keystroke="shift ctrl t" />
  </action>
  <action id="Replace">
    <keyboard-shortcut first-keystroke="ctrl r" />
  </action>
  <action id="Run">
    <keyboard-shortcut first-keystroke="shift f10" />
    <keyboard-shortcut first-keystroke="shift alt x" second-keystroke="r" />
  </action>
  <action id="RunToCursor" />
  <action id="Scala.ShowImplicits">
    <keyboard-shortcut first-keystroke="shift ctrl alt equals" />
    <keyboard-shortcut first-keystroke="shift ctrl alt add" />
  </action>
  <action id="SendEOF" />
  <action id="ShowPopupMenu">
    <keyboard-shortcut first-keystroke="ctrl n" />
    <keyboard-shortcut first-keystroke="ctrl f10" />
    <keyboard-shortcut first-keystroke="shift alt t" />
  </action>
  <action id="TypeHierarchy">
    <keyboard-shortcut first-keystroke="shift alt s" second-keystroke="h" />
  </action>
  <action id="TypeHierarchyBase.BaseOnThisType" />
  <action id="Vcs.Push">
    <keyboard-shortcut first-keystroke="shift alt s" second-keystroke="p" />
  </action>
  <action id="WD.UploadCurrentRemoteFileAction" />
  <action id="context.save" />
  <action id="editRunConfigurations">
    <keyboard-shortcut first-keystroke="shift alt s" second-keystroke="q" />
  </action>
  <action id="tasks.close" />
</keymap>