<keymap version="1" name="Eclipse copy" parent="Eclipse">
  <action id="ChangesView.SetDefault" />
  <action id="CollapseAll">
    <keyboard-shortcut first-keystroke="ctrl open_bracket" />
  </action>
  <action id="CollapseExpandableComponent" />
  <action id="EditorCodeBlockEnd" />
  <action id="EditorCodeBlockStart" />
  <action id="ExpandAll">
    <keyboard-shortcut first-keystroke="ctrl close_bracket" />
  </action>
  <action id="ExpandLiveTemplateCustom">
    <keyboard-shortcut first-keystroke="ctrl space" />
  </action>
</keymap>