<keymap version="1" name="Windows copy" parent="$default">
  <action id="CollapseAll">
    <keyboard-shortcut first-keystroke="ctrl subtract" />
  </action>
  <action id="CollapseExpandableComponent">
    <keyboard-shortcut first-keystroke="shift enter" />
    <keyboard-shortcut first-keystroke="ctrl subtract" />
  </action>
  <action id="CollapseRegion">
    <keyboard-shortcut first-keystroke="ctrl subtract" />
  </action>
  <action id="CopyElement" />
  <action id="DuplicatesForm.SendToLeft" />
  <action id="EditorDecreaseFontSizeGlobal">
    <keyboard-shortcut first-keystroke="ctrl minus" />
  </action>
  <action id="EditorIncreaseFontSizeGlobal">
    <keyboard-shortcut first-keystroke="ctrl equals" />
  </action>
  <action id="ExpandAll">
    <keyboard-shortcut first-keystroke="ctrl add" />
  </action>
  <action id="ExpandExpandableComponent">
    <keyboard-shortcut first-keystroke="shift enter" />
    <keyboard-shortcut first-keystroke="ctrl add" />
  </action>
  <action id="ExpandRegion">
    <keyboard-shortcut first-keystroke="ctrl add" />
  </action>
  <action id="ExternalSystem.CollapseAll">
    <keyboard-shortcut first-keystroke="ctrl subtract" />
  </action>
  <action id="ExternalSystem.ExpandAll">
    <keyboard-shortcut first-keystroke="ctrl add" />
  </action>
  <action id="FileChooser.GotoHome" />
  <action id="FindInPath">
    <keyboard-shortcut first-keystroke="ctrl h" />
  </action>
  <action id="GotoBookmark1" />
  <action id="GotoDeclaration">
    <keyboard-shortcut first-keystroke="ctrl b" />
    <mouse-shortcut keystroke="control button1" />
    <mouse-shortcut keystroke="button2" />
    <keyboard-shortcut first-keystroke="shift alt x" second-keystroke="e" />
  </action>
  <action id="Images.Editor.ZoomIn">
    <keyboard-shortcut first-keystroke="ctrl add" />
  </action>
  <action id="Images.Editor.ZoomOut">
    <keyboard-shortcut first-keystroke="ctrl subtract" />
  </action>
  <action id="MethodDown">
    <keyboard-shortcut first-keystroke="shift ctrl down" />
  </action>
  <action id="MethodUp">
    <keyboard-shortcut first-keystroke="shift ctrl up" />
  </action>
  <action id="Move" />
  <action id="MoveStatementDown" />
  <action id="MoveStatementUp" />
  <action id="ReformatCode">
    <keyboard-shortcut first-keystroke="ctrl alt l" />
    <keyboard-shortcut first-keystroke="shift ctrl f" />
  </action>
  <action id="ShowIntentionActions">
    <keyboard-shortcut first-keystroke="alt enter" />
    <keyboard-shortcut first-keystroke="ctrl 1" />
  </action>
  <action id="StepInto">
    <keyboard-shortcut first-keystroke="f5" />
  </action>
  <action id="StepOver">
    <keyboard-shortcut first-keystroke="f6" />
  </action>
  <action id="TypeHierarchy">
    <keyboard-shortcut first-keystroke="shift alt s" second-keystroke="h" />
  </action>
  <action id="TypeHierarchyBase.BaseOnThisType" />
  <action id="context.clear" />
  <action id="context.save" />
  <action id="editRunConfigurations">
    <keyboard-shortcut first-keystroke="shift alt s" second-keystroke="q" />
  </action>
</keymap>